Incident ID,Location,Date,Crime,Address,Longitude,Latitude
UU2105449,"805 W GREEN ST, URBANA",4/6/2021,BURGLARY FROM MOTOR VEHICLE,"805 W Green St, Urbana, IL 61801, USA",-88.2185513,40.1103453
IF2100208,SECOND ST/GREEN ST Urbana champaign,4/7/2021,LIQUOR‐UNDERAGE,"S 2nd St & E Green St, Champaign, IL 61820, USA",-88.23704500000001,40.110231
UU2105371,"814 STOUGHTON ST, URBANA",4/5/2021,THEFT,"814 Stoughton St, Urbana, IL 61801, USA",-88.21916689999999,40.1137738
CC2109632,"55 E HEALEY ST, CHAMPAIGN",4/5/2021,BURGLARY,"55 E Healey St, Champaign, IL 61820, USA",-88.2395389,40.1111039
CC2109610,"1007 LOCUST ST, CHAMPAIGN",4/5/2021,THEFT,"1007 S Locust St, Champaign, IL 61820, USA",-88.240647,40.1058639
CC2109608,"59 E GREEN ST, CHAMPAIGN",4/5/2021,MOTOR VEHICLE THEFT,"59 E Green St, Champaign, IL 61820, USA",-88.2390064,40.1098957
CC2109594,"616 E GREEN ST, CHAMPAIGN",4/5/2021,THEFT,"616 E Green St, Champaign, IL 61820, USA",-88.2296109,40.1105931
UU2105208,"702 W ELM ST, URBANA",4/3/2021,CRIMINAL DAMAGE,"702 W Elm St, Urbana, IL 61801, USA",-88.2163319,40.1117102
II2102634,SCOTT RESIDENCE HALL Urbana champaign,2/25/2021,THEFT $500 AND UNDER,"202 E Peabody Dr, Champaign, IL 61820, USA",-88.2366612,40.1019657
CSA21‐029,ROGER ADAMS LAB Urbana champaign,SPRING 2021,STALKING,"600 S Mathews Ave Roger Adams Laboratory, Urbana, IL 61801, USA",-88.2247211,40.1074656
CSA21‐028,NUGENT RESIDENCE HALL Urbana champaign,4/4/2021,FONDLING,"Timothy J. Nugent Hall, 207 E Gregory Dr, Champaign, IL 61820, USA",-88.2370243,40.1039175
CC2109387,"51 E GREEN ST, CHAMPAIGN",4/4/2021,ROBBERY,"51 E Green St, Champaign, IL 61820, USA",-88.23989519999999,40.11000629999999
CC2109289,"58 E HEALEY ST, CHAMPAIGN",4/3/2021,BURGLARY,"58 E Healey St, Champaign, IL 61820, USA",-88.2392821,40.1116935
CC2109231,"112 E GREEN ST, CHAMPAIGN",4/2/2021,DISORDERLY CONDUCT,"112 E Green, 112 E Green St, Champaign, IL 61820, USA",-88.23748499999999,40.1104327
II2102604,NUGENT RESIDENCE HALL Urbana champaign,4/4/2021,BATTERY‐AGG DOMESTIC,"Timothy J. Nugent Hall, 207 E Gregory Dr, Champaign, IL 61820, USA",-88.2370243,40.1039175
II2102604,NUGENT RESIDENCE HALL Urbana champaign,4/4/2021,CRIMINAL DAMAGE TO PROPERTY,"Timothy J. Nugent Hall, 207 E Gregory Dr, Champaign, IL 61820, USA",-88.2370243,40.1039175
II2102604,NUGENT RESIDENCE HALL Urbana champaign,4/4/2021,BATTERY‐DOMESTIC,"Timothy J. Nugent Hall, 207 E Gregory Dr, Champaign, IL 61820, USA",-88.2370243,40.1039175
II2102602,JOHN / OAK Urbana champaign,4/4/2021,AGG FLEE/ATTEMPT ELUDE OFFICER,"404 W Green St, Urbana, IL 61801, USA",-88.21199349999999,40.1108435
CC2109389,"902 S SECOND ST, CHAMPAIGN",4/4/2021,BURGLARY,"902 S 2nd St, Champaign, IL 61820, USA",-88.23672429999999,40.1075407
IF2100197,"706 LOCUST ST, CHAMPAIGN",4/3/2021,BURGLARY FROM MOTOR VEHICLE,"706 S Locust St, Champaign, IL 61820, USA",-88.2399192,40.1095895
IF2100196,DAVID KINLEY HALL Urbana champaign,4/3/2021,LIQUOR‐UNDERAGE,"David Kinley Hall, 1407 W Gregory Dr, Urbana, IL 61801, USA",-88.22835429999999,40.1036264
II2102519,PARKING LOT A‐9 Urbana champaign,11/1/2020,THEFT $500 AND UNDER,"606 S 6th St, Champaign, IL 61820, USA",-88.2301909,40.1113022
II2102513,WILLARD AIRPORT Urbana champaign,4/1/2021,CONTROLLED SUBSTANCE‐POSSESSION,"Willard Airport, 11 Airport Rd, Savoy, IL 61874, USA",-88.26398789999999,40.03649619999999
IF2100192,WASSAJA RESIDENCE HALL Urbana champaign,4/1/2021,LIQUOR‐UNDERAGE,"1202 S 1st St, Champaign, IL 61820, USA",-88.2381795,40.1037194
CSA21‐027,UNKNOWN LOCATION Urbana champaign,3/27/2021,RAPE,"Champaign, IL, USA",-88.2271615,40.1019523
CSA21‐026,PRIVATE APARTMENT Urbana champaign,2021,RAPE,"901 W Western Ave, Urbana, IL 61801, USA",-88.2195564,40.1120694
CC2109012,"39 E CHALMERS, CHAMPAIGN",3/31/2021,HARASSMENT,"39 E Chalmers St, Champaign, IL 61820, USA",-88.2407265,40.1063973
CC2108951,"610 S FOURTH, CHAMPAIGN",3/31/2021,BURGLARY,"610 S 4th St, Champaign, IL 61820, USA",-88.23327200000001,40.11072
CSA21‐025,PRIVATE APARTMENT Urbana champaign,3/11/2021,RAPE,"901 W Western Ave, Urbana, IL 61801, USA",-88.2195564,40.1120694
CC2108841,"302 E JOHN ST, CHAMPAIGN",3/30/2021,THEFT,"Presiedential Towers/University Inn, 302 E John St, Champaign, IL 61820, USA",-88.2348478,40.1093134
CC2108837,"603 E GREEN ST, CHAMPAIGN",3/30/2021,RETAIL THEFT,"603 E Green St, Champaign, IL 61820, USA",-88.23010579999999,40.11017349999999
CC2108822,"616 E GREEN ST, CHAMPAIGN",3/30/2021,CRIMINAL DAMAGE,"616 E Green St, Champaign, IL 61820, USA",-88.2296109,40.1105931
CC2108814,"512 S THIRD ST, CHAMPAIGN",3/30/2021,DOMESTIC BATTERY,"512 S 3rd St, Champaign, IL 61820, USA",-88.2350299,40.1122154
CC2108330,00 blk of GREGORY DR Urbana champaign,3/20/2021,SEXUAL‐ASSAULT‐CRIMINAL,"1408 W Gregory Dr, Urbana, IL 61801, USA",-88.22901039999999,40.1047044
II2102501,TARGET Urbana champaign,3/30/2021,ASSIST OTHER POLICE DEPT,"2102 N Prospect Ave, Champaign, IL 61822, USA",-88.2547879,40.1419295
II2102476,TAFT RESIDENCE HALL Urbana champaign,3/29/2021,INTIMIDATION,"1215 S 4th St, Champaign, IL 61820, USA",-88.23365539999999,40.1017884
II2102476,TAFT RESIDENCE HALL Urbana champaign,3/29/2021,NON‐CONSENSUAL DISS SEX IMAGES,"1215 S 4th St, Champaign, IL 61820, USA",-88.23365539999999,40.1017884
II2102476,TAFT RESIDENCE HALL Urbana champaign,3/29/2021,HARASSMENT BY ELECTRONIC COMMUNICAT,"1215 S 4th St, Champaign, IL 61820, USA",-88.23365539999999,40.1017884
CC2108794,"503 STOUGHTON, CHAMPAIGN",3/29/2021,BURGLARY,"503 E Stoughton St, Champaign, IL 61820, USA",-88.2316271,40.113224
CC2108719,"601 S FOURTH, CHAMPAIGN",3/29/2021,THEFT,"601 S 4th St, Champaign, IL 61820, USA",-88.23392849999999,40.1112788
II2102471,ONE NORTH Urbana champaign,3/29/2021,ASSIST OTHER POLICE DEPT,"1601 N Lincoln Ave, Urbana, IL 61801, USA",-88.223107,40.1291728
II2102466,ASHTON WOODS PARKING LOT Urbana champaign,3/28/2021,TRESPASS‐VEHICLE,"2221 S 1st St, Champaign, IL 61820, USA",-88.2387619,40.0853593
II2102463,PSYCHOLOGY BUILDING Urbana champaign,10/23/2020,RECKLESS DISCHARGE OF A FIREARM,"Psychology Building, 603 E Daniel St, Champaign, IL 61820, USA",-88.2299551,40.107486
II2102463,PSYCHOLOGY BUILDING Urbana champaign,10/23/2020,CRIMINAL DAMAGE TO PROPERTY,"Psychology Building, 603 E Daniel St, Champaign, IL 61820, USA",-88.2299551,40.107486
II2102461,200 blk of PEABODY DR Urbana champaign,12/1/2019,SEXUAL‐ASSAULT‐CRIMINAL,"200 E Peabody Dr, Champaign, IL 61820, USA",-88.2365336,40.1019659
II2102460,ASHTON WOODS PARKING LOT Urbana champaign,3/28/2021,THEFT FROM MOTOR VEHICLE,"2221 S 1st St, Champaign, IL 61820, USA",-88.2387619,40.0853593
II2102442,CAFFE BENE Urbana champaign,11/1/2020,STALKING,"700 S Gregory St, Urbana, IL 61801, USA",-88.2212797,40.1061293
II2102442,CAFFE BENE Urbana champaign,11/1/2020,DISORDERLY CONDUCT‐ALL OTHER,"700 S Gregory St, Urbana, IL 61801, USA",-88.2212797,40.1061293
CC2108640,"54 E CHALMERS, CHAMPAIGN",3/28/2021,THREATS,"54 E Chalmers St, Champaign, IL 61820, USA",-88.2398051,40.1069073
CC2108628,"GREEN/THIRD, CHAMPAIGN",3/28/2021,THEFT,"907 S 3rd St, Champaign, IL 61820, USA",-88.235658,40.1073329
CC2108392,"616 E GREEN ST, CHAMPAIGN",3/26/2021,THEFT,"616 E Green St, Champaign, IL 61820, USA",-88.2296109,40.1105931
II2102449,WASSAJA RESIDENCE HALL Urbana champaign,3/28/2021,HARASSMENT BY ELECTRONIC COMMUNICAT,"1202 S 1st St, Champaign, IL 61820, USA",-88.2381795,40.1037194
II2102427,ILLINOIS ST / GOODWIN AVE Urbana champaign,3/28/2021,ASSIST OTHER POLICE DEPT,"S Goodwin Ave & W Illinois St, Urbana, IL 61801, USA",-88.223905,40.10903589999999
II2102362,STATE FARM CENTER Urbana champaign,3/26/2021,POSSESSION STOLEN PROPERTY,"1800 S 1st St, Champaign, IL 61820, USA",-88.2358984,40.0961996
CC2108286,"32 E GREEN, CHAMPAIGN",3/25/2021,THEFT,"32 E Green St, Champaign, IL 61820, USA",-88.2410412,40.1103865
CC2108250,"102 E GREEN ST, CHAMPAIGN",3/25/2021,DECEPTIVE PRACTICES,"102 E Green St, Champaign, IL 61820, USA",-88.23841619999999,40.1104381
II2102345,ILLINOIS STREET RESIDENCE Urbana champaign,3/24/2021,DECEPTIVE PRACTICES,"Illinois Street Residence Hall Commons, 1010 W Illinois St, Urbana, IL 61801, USA",-88.2218494,40.1101546
CC2108205,"410 E JOHN, CHAMPAIGN",3/24/2021,THEFT,"410 E John St, Champaign, IL 61820, USA",-88.23244509999999,40.1094677
01123‐2021,TOWNSEND RESIDENCE HALL Urbana champaign,3/24/2021,LIQUOR‐ILLEGAL POSS. BY MINOR,"918 W Illinois St, Urbana, IL 61801, USA",-88.2209503,40.1101503
01100‐2021,OGLESBY RESIDENCE HALL Urbana champaign,3/21/2021,LIQUOR‐UNDERAGE,"1005 W College Ct, Urbana, IL 61801, USA",-88.22118479999999,40.0991552
01050‐2021,HOPKINS RESIDENCE HALL Urbana champaign,3/20/2021,LIQUOR‐ILLEGAL POSS. BY MINOR,"1208 S 1st St, Champaign, IL 61820, USA",-88.23777919999999,40.102442
UU2104659,"810 W GREEN, URBANA",3/23/2021,DOMESTIC BATTERY,"810 W Green St, Urbana, IL 61801, USA",-88.2190146,40.1108513
LT20‐001,"515 OLD TIMBER RD, MONTICELLO, IL Urbana champaign",12/20/2020,THEFT FROM MOTOR VEHICLE,"515 Old Timber Rd, Monticello, IL 61856, USA",-88.6455154,40.0043105
II2102314,PARKING LOT B‐4 Urbana champaign,3/23/2021,DISORDERLY CONDUCT‐ALL OTHER,"1201 W University Ave, Urbana, IL 61801, USA",-88.2248908,40.1158597
CC2107986,"524 E GREEN, CHAMPAIGN",3/22/2021,HARASSMENT,"524 E Green St, Champaign, IL 61820, USA",-88.2310541,40.1105412
CC2107952,"512 S THIRD ST, CHAMPAIGN",3/16/2021,THEFT OF MV PARTS,"512 S 3rd St, Champaign, IL 61820, USA",-88.2350299,40.1122154
UU2104452,"101 S COLER, URBANA",3/20/2021,BATTERY,"101 S Coler Ave, Urbana, IL 61801, USA",-88.2163319,40.1121102
UU2104411,"904 STOUGHTON, URBANA",3/18/2021,THEFT $500 AND UNDER,"904 Stoughton St, Urbana, IL 61801, USA",-88.21985409999999,40.113831
IF2100171,ILLINI GROVE Urbana champaign,3/22/2021,DISORDERLY CONDUCT,"Illini Grove, Urbana, IL 61801, USA",-88.22041329999999,40.10172559999999
CSA21‐022,FRATERNITY Urbana champaign,3/21/2021,RAPE/DOMESTIC VIOLENCE/STALKING,"302 E Armory Ave, Champaign, IL 61820, USA",-88.23487999999999,40.105685
CC2107814,00 blk of GREGORY DR Urbana champaign,3/21/2021,BATTERY‐DOMESTIC,"1408 W Gregory Dr, Urbana, IL 61801, USA",-88.22901039999999,40.1047044
CC2107791,"407 E GREEN, CHAMPAIGN",3/21/2021,AGGRAVATED BATTERY,"407 E Green St, Champaign, IL 61820, USA",-88.2326599,40.1099958
CC2107737,"SECOND/JOHN, CHAMPAIGN",3/20/2021,AGGRAVATED BATTERY,"202 E John St, Champaign, IL 61820, USA",-88.23682989999999,40.1093821
CC2107564,"106 E GREEN, CHAMPAIGN",3/19/2021,CRIMINAL DAMAGE,"106 E Green St, Champaign, IL 61820, USA",-88.2379969,40.1103355
CC2107546,"211 E GREEN ST, CHAMPAIGN",1/21/2021,UNLAWFUL USE OF ID,"211 E Green St, Champaign, IL 61820, USA",-88.2356592,40.1100049
II2102251,PARKING LOT E‐6 Urbana champaign,3/18/2021,THEFT OF MOTOR VEH PARTS & ACCESS,"1201 W University Ave, Urbana, IL 61801, USA",-88.2248908,40.1158597
II2102249,POLLINARIUM Urbana champaign,3/13/2021,THEFT $500 AND UNDER,"Champaign, IL, USA",-88.2271615,40.1019523
II2102241,WHITE ST W / RANDOLPH ST S Urbana champaign,3/20/2021,FLEEING OR ATTEMPT TO ELUDE POLICE,"W White St, Champaign, IL, USA",-88.2625659,40.1144139
II2102229,JOE'S BREWERY Urbana champaign,3/19/2021,ASSIST OTHER POLICE DEPT,"706 S 5th St, Champaign, IL 61820, USA",-88.23175959999999,40.1097195
IF2100166,JOE'S BREWERY Urbana champaign,3/19/2021,BATTERY,"706 S 5th St, Champaign, IL 61820, USA",-88.23175959999999,40.1097195
CSA21‐021,RESIDENCE HALL Urbana champaign,1/23/2021,SEXUAL ASSAULT,"1010 W Illinois St, Urbana, IL 61801, USA",-88.22173529999999,40.1101128
IF2100164,SHERMAN RESIDENCE HALL Urbana champaign,3/18/2021,HARASSMENT,"909 S 5th St, Champaign, IL 61820, USA",-88.2323492,40.1070935
CC2107433,"314 E WHITE, CHAMPAIGN",3/17/2021,THEFT,"314 E White St, Champaign, IL 61820, USA",-88.2337573,40.1146165
CC2107426,"410 E JOHN, CHAMPAIGN",3/17/2021,THEFT OF MV PARTS,"410 E John St, Champaign, IL 61820, USA",-88.23244509999999,40.1094677
UU2104265,"105 N BUSEY, URBANA",3/16/2021,THEFT,"105 N Busey Ave, Urbana, IL 61801, USA",-88.21802600000001,40.1125209
CC2107352,"56 E GREEN ST, CHAMPAIGN",3/16/2021,CRIMINAL DAMAGE,"56 E Green St, Champaign, IL 61820, USA",-88.2393932,40.11042490000001
UU2104180,"1106 S LINCOLN, URBANA",3/15/2021,THEFT OF MV PARTS,"1106 S Lincoln Ave, Urbana, IL 61801, USA",-88.2188391,40.1032012
UU2104177,"303 S BUSEY, URBANA",3/15/2021,INDECENT EXPOSURE,"303 S Busey Ave, Urbana, IL 61801, USA",-88.2181607,40.1100472
UU2104165,"706 W OREGON, URBANA",3/14/2021,SUSPICIOUS PERSON,"706 W Oregon St, Urbana, IL 61801, USA",-88.21676,40.1076263
UU2104160,"502 W MAIN, URBANA",3/14/2021,PEEPING TOM,"502 W Main St, Urbana, IL 61801, USA",-88.212983,40.114139
CC2107262,"107 E SPRINGFIELD, CHAMPAIGN",3/15/2021,REMOVE SUBJECT,"107 E Springfield Ave, Champaign, IL 61820, USA",-88.23811909999999,40.1122151
CC2107254,"SIXTH/GREEN ST, CHAMPAIGN",3/15/2021,MOTOR VEHICLE THEFT,"S 6th St & E Green St, Champaign, IL 61820, USA",-88.230391,40.110288
CC2107206,"302 E JOHN ST, CHAMPAIGN",3/15/2021,THEFT FROM MOTOR VEHICLE,"Presiedential Towers/University Inn, 302 E John St, Champaign, IL 61820, USA",-88.2348478,40.1093134
CC2107050,"508 S FIRST ST, CHAMPAIGN",3/14/2021,BATTERY‐DOMESTIC,"508 S 1st St, Champaign, IL 61820, USA",-88.23835199999999,40.111781
CC2107000,"308 E GREEN ST, CHAMPAIGN",3/12/2021,BURGLARY,"308 E Green St, Champaign, IL 61820, USA",-88.23422699999999,40.110503
CC2106973,"ARMORY/FIRST, CHAMPAIGN",3/13/2021,CRIMINAL DAMAGE,"75 E Armory Ave, Champaign, IL 61820, USA",-88.23889299999999,40.104935
CC2106843,"706 LOCUST, CHAMPAIGN",3/12/2021,CRIMINAL DAMAGE,"706 S Locust St, Champaign, IL 61820, USA",-88.2399192,40.1095895
CC2106839,"310 E SPRINGFIELD, CHAMPAIGN",3/4/2021,THEFT $500 AND UNDER,"310 E Springfield Ave, Champaign, IL 61820, USA",-88.2350479,40.11316009999999
CC2106838,"502 E SPRINGFIELD, CHAMPAIGN",3/6/2021,THEFT OF MV PARTS,"502 E Springfield Ave, Champaign, IL 61820, USA",-88.231854,40.1128715
CC2106756,"706 LOCUST, CHAMPAIGN",3/11/2021,DISORDERLY CONDUCT,"706 S Locust St, Champaign, IL 61820, USA",-88.2399192,40.1095895
CC2106707,"102 E GREEN ST, CHAMPAIGN",1/23/2021,UNLAWFUL USE OF ID,"102 E Green St, Champaign, IL 61820, USA",-88.23841619999999,40.1104381
CC2106699,"211 E GREEN ST, CHAMPAIGN",10/1/2019,UNLAWFUL USE OF ID,"211 E Green St, Champaign, IL 61820, USA",-88.2356592,40.1100049
00981‐2021,OGLESBY RESIDENCE HALL Urbana champaign,3/14/2021,LIQUOR‐UNDERAGE,"1005 W College Ct, Urbana, IL 61801, USA",-88.22118479999999,40.0991552
00951‐2021,HOPKINS RESIDENCE HALL Urbana champaign,3/14/2021,LIQUOR‐ILLEGAL POSS. BY MINOR,"1208 S 1st St, Champaign, IL 61820, USA",-88.23777919999999,40.102442
00943‐2021,VAN DOREN RESIDENCE HALL Urbana champaign,3/13/2021,LIQUOR‐UNDERAGE,"1215 S 4th St, Champaign, IL 61820, USA",-88.23365539999999,40.1017884
00922‐2021,OGLESBY RESIDENCE HALL Urbana champaign,3/11/2021,LIQUOR‐ILLEGAL POSS. BY MINOR,"1005 W College Ct, Urbana, IL 61801, USA",-88.22118479999999,40.0991552
II2102375,GREEN ST E / SIXTH ST Urbana champaign,3/15/2021,ASSIST OTHER POLICE DEPT,"S 6th St & E Green St, Champaign, IL 61820, USA",-88.230391,40.110288
II2102141,PERSONNEL SERVICES BUILDI Urbana champaign,3/15/2021,CRIMINAL DAMAGE GOVT SUPPORT PROP,"Personnel Services Building, 52 E Gregory Dr, Champaign, IL 61820, USA",-88.2404475,40.1045638
CSA21‐020,ORCHARD DOWNS Urbana champaign,3/5/2021,CHILD ABUSE,"1801-1815 Orchard Pl, Urbana, IL 61801, USA",-88.2141506,40.0966223
CSA21‐019,ON CAMPUS Urbana champaign,2020‐2021,STALKING,"1010 W University Ave, Urbana, IL 61801, USA",-88.2219593,40.1165658
OR21‐003,"800 BLK INDIANA, URBANA",3/12/2021,THEFT OF MOTOR VEHICLE PARTS,"800 W Indiana Ave, Urbana, IL 61801, USA",-88.2176339,40.1028007
IF2100152,HOPKINS RESIDENCE HALL Urbana champaign,3/14/2021,LIQUOR‐UNDERAGE,"1208 S 1st St, Champaign, IL 61820, USA",-88.23777919999999,40.102442
II2102103,ALLEN RESIDENCE HALL Urbana champaign,3/13/2021,FRAUD‐CREDIT CARD,"1005 W Gregory Dr, Urbana, IL 61801, USA",-88.2208505,40.1041097
IF2100151,305 E GREEN ST Urbana champaign,3/13/2021,LIQUOR‐UNDERAGE,"305 E Green St, Urbana, IL 61802, USA",-88.2042365,40.1108045
UU2103963,LINCOLN AV S / PENNSYLVANIA AV W Urbana champaign,3/11/2021,BATTERY‐AGGRAVATED,"901 W Pennsylvania Ave, Urbana, IL 61801, USA",-88.2198009,40.1002986
II2102084,300 blk of GREGORY DRIVE Urbana champaign,3/12/2021,PUBLIC INDECENCY,"W Gregory Dr, Urbana, IL 61801, USA",-88.2252773,40.1041742
II2102080,ORCHARD DOWNS Urbana champaign,3/12/2021,CHILD ABUSE,"1801-1815 Orchard Pl, Urbana, IL 61801, USA",-88.2141506,40.0966223
UU2103907,"1007 W UNIVERSITY, URBANA",3/10/2021,THEFT FROM MOTOR VEHICLE,"1007 W University Ave, Urbana, IL 61801, USA",-88.2216497,40.1161419
CC2106545,"FIRST/GREEN, CHAMPAIGN",3/10/2021,BATTERY,"512 E Green St suite d, Champaign, IL 61820, USA",-88.23145280000001,40.1105623
00889‐2021,TRELEASE RESIDENCE HALL Urbana champaign,3/9/2021,LIQUOR‐ILLEGAL POSS. BY MINOR,"901 W College Ct, Urbana, IL 61801, USA",-88.2203305,40.0989469
II2102033,PARKING LOT F‐23 Urbana champaign,3/9/2021,LEAVING SCENE PROPERTY DAMAGE,"1201 W University Ave, Urbana, IL 61801, USA",-88.2248908,40.1158597
IF2100140,SECOND ST/GREEN ST Urbana champaign,3/10/2021,BATTERY,"S 2nd St & E Green St, Champaign, IL 61820, USA",-88.23704500000001,40.110231
CC2106502,"508 S FIRST ST, CHAMPAIGN",3/9/2021,THEFT,"508 S 1st St, Champaign, IL 61820, USA",-88.23835199999999,40.111781
CC2106453,"507 S SECOND ST, CHAMPAIGN",3/9/2021,CRIMINAL DAMAGE,"507 S 2nd St, Champaign, IL 61820, USA",-88.23729589999999,40.111635
CC2106413,"706 S FIFTH ST, CHAMPAIGN",3/9/2021,ROBBERY,"706 S 5th St, Champaign, IL 61820, USA",-88.23177919999999,40.109786
UU2103752,"804 W ILLINOIS ST, URBANA",3/7/2021,INDECENT EXPOSURE,"804 W Illinois St, Urbana, IL 61801, USA",-88.2184257,40.1096814
II2102014,ORCHARD DOWNS Urbana champaign,3/9/2021,THEFT OF MOTOR VEH PARTS & ACCESS,"1801-1815 Orchard Pl, Urbana, IL 61801, USA",-88.2141506,40.0966223
II2101983,ORCHARD DOWNS Urbana champaign,3/8/2021,THEFT OF MOTOR VEH PARTS & ACCESS,"1801-1815 Orchard Pl, Urbana, IL 61801, USA",-88.2141506,40.0966223
CC2106398,"212 E WHITE ST, CHAMPAIGN",3/8/2021,THEFT,"212 E White St, Champaign, IL 61820, USA",-88.2356592,40.1146454
CC2106220,"508 S FIRST ST, CHAMPAIGN",3/7/2021,DOMESTIC,"508 S 1st St, Champaign, IL 61820, USA",-88.23835199999999,40.111781
CC2106002,"2201 S FIRST ST, CHAMPAIGN",3/5/2021,MOTOR VEHICLE THEFT,"2201 S 1st St, Champaign, IL 61820, USA",-88.2388938,40.0869081
CC2105916,"512 S THIRD ST, CHAMPAIGN",3/4/2021,INDECENT EXPOSURE,"512 S 3rd St, Champaign, IL 61820, USA",-88.2350299,40.1122154
CC2105878,"204 S FIFTH ST, CHAMPAIGN",3/4/2021,MOTOR VEHICLE THEFT,"204 S 5th St, Champaign, IL 61820, USA",-88.23185699999999,40.1150033
00851‐2021,OGLESBY RESIDENCE HALL Urbana champaign,3/6/2021,LIQUOR‐ILLEGAL POSS. BY MINOR,"1005 W College Ct, Urbana, IL 61801, USA",-88.22118479999999,40.0991552
00826‐2021,PAR MAIN BUILDING Urbana champaign,3/5/2021,LIQUOR‐UNDERAGE,"1002 W College Ct, Urbana, IL 61801, USA",-88.22109460000001,40.0997079
II2101957,ROUND BARNS Urbana champaign,3/7/2021,THEFT $500 AND UNDER,"1201-1393 St Marys Rd, Urbana, IL 61802, USA",-88.2248243,40.0939401
II2101955,ONE NORTH APARTMENTS Urbana champaign,3/7/2021,ASSIST OTHER POLICE DEPT,"1601 N Lincoln Ave, Urbana, IL 61801, USA",-88.223107,40.1291728
II2101949,AGRICULTURAL ENGINEERING Urbana champaign,3/5/2021,CRIMINAL DAMAGE GOVT SUPPORT PROP,"Urbana, IL 61801, USA",-88.22607269999999,40.1036179
II2101908,WRIGHT / GREEN Urbana champaign,3/6/2021,BREATH ALCOHOL OVER LIMIT,"S Wright St, Urbana, IL, USA",-88.228806,40.1055117
II2101908,WRIGHT / GREEN Urbana champaign,3/6/2021,DRIVING UNDER THE INFL‐ALCOHOL,"S Wright St, Urbana, IL, USA",-88.228806,40.1055117
IF2100133,HOPKINS RESIDENCE HALL Urbana champaign,3/6/2021,LIQUOR‐UNDERAGE,"1208 S 1st St, Champaign, IL 61820, USA",-88.23777919999999,40.102442
IF2100127,MEMORIAL STADIUM Urbana champaign,3/6/2021,TRESPASS‐STATE SUPPORTED LAND,"1402 S 1st St, Champaign, IL 61820, USA",-88.23595859999999,40.0993036
CSA21‐018,ON CAMPUS Urbana champaign,3/1/2021,SIMPLE ASSAULT,"1010 W University Ave, Urbana, IL 61801, USA",-88.2219593,40.1165658
UU2103469,ILLINOIS/LINCOLN Urbana champaign,3/3/2021,DOMESTIC,"701 W Marketview Dr, Champaign, IL 61822, USA",-88.2548695,40.1363375
II2101844,NUGENT RESIDENCE HALL Urbana champaign,3/4/2021,DISORDERLY CONDUCT‐ALL OTHER,"Timothy J. Nugent Hall, 207 E Gregory Dr, Champaign, IL 61820, USA",-88.2370243,40.1039175
II2101834,3700 blk of COLLEEN DRIVE Urbana champaign,3/4/2021,UNLAWFUL POSS/USE WEAPON BY FELON,"3700 Colleen Dr, Champaign, IL 61822, USA",-88.3103108,40.1086572
II2101834,3700 blk of COLLEEN DRIVE Urbana champaign,3/4/2021,CONTROLLED SUBSTANCE‐POSSESSION,"3700 Colleen Dr, Champaign, IL 61822, USA",-88.3103108,40.1086572
II2101834,3700 blk of COLLEEN DRIVE Urbana champaign,3/4/2021,DEL/MANUF CANNABIS OVER 30 G ‐FEL,"3700 Colleen Dr, Champaign, IL 61822, USA",-88.3103108,40.1086572
CSA21‐017,UNKNOWN LOCATION Urbana champaign,SPRING 2021,HARASSMENT,"Champaign, IL, USA",-88.2271615,40.1019523
CC2105813,"603 S SIXTH ST, CHAMPAIGN",3/3/2021,CRIMINAL DAMAGE,"603 S 6th St, Champaign, IL 61820, USA",-88.23098039999999,40.1106139
CC2105761,"60 E GREEN ST, CHAMPAIGN",3/3/2021,BURGLARY FROM MOTOR VEHICLE,"60 E Green St, Champaign, IL 61820, USA",-88.2389779,40.1104253
00774‐2021,BABCOCK RESIDENCE HALL Urbana champaign,3/3/2021,LIQUOR‐ILLEGAL POSS. BY MINOR,"1002 W College Ct, Urbana, IL 61801, USA",-88.22109460000001,40.0997079
II2101833,PARKING LOT B‐11 Urbana champaign,2/28/2021,CRIMINAL DAMAGE TO PROPERTY,"1201 W University Ave, Urbana, IL 61801, USA",-88.2248908,40.1158597
II2101827,AGR BIOPROCESS LAB Urbana champaign,3/3/2021,THEFT FROM BUILDING,"1300 W Pennsylvania Ave, Urbana, IL 61801, USA",-88.22583709999999,40.100857
II2101823,ART AND DESIGN BUILDING Urbana champaign,3/3/2021,HARASSMENT BY ELECTRONIC COMMUNICAT,"Art and Design Building, 408 E Peabody Dr, Champaign, IL 61820, USA",-88.2324998,40.1018339
IF2100120,STOCK PAVILION Urbana champaign,3/3/2021,LIQUOR‐UNDERAGE,"Stock Pavilion, 1402 W Pennsylvania Ave, Urbana, IL 61801, USA",-88.227166,40.101042
IF2100115,GOODWIN AVE/MAIN ST Urbana champaign,3/3/2021,LIQUOR‐UNDERAGE,"N Goodwin Ave & W Main St, Urbana, IL 61801, USA",-88.2240101,40.11448619999999
CSA21‐016,ON CAMPUS Urbana champaign,3/1/2021,STALKING,"1010 W University Ave, Urbana, IL 61801, USA",-88.2219593,40.1165658
CC2105658,"1201 W UNIVERSITY, CHAMPAIGN",3/2/2021,THEFT,"1201 W University Ave, Champaign, IL 61821, USA",-88.2651952,40.1162543
UU2103330,"703 W OHIO, URBANA",3/1/2021,CRIMINAL DAMAGE,"703 W Ohio St, Urbana, IL 61801, USA",-88.2160845,40.1034851
UU2103311,"604 S BUSEY, URBANA",3/1/2021,CRIMINAL DAMAGE,"604 S Busey Ave, Urbana, IL 61801, USA",-88.21741639999999,40.1078664
II2101801,PARKING LOT B‐4 Urbana champaign,3/2/2021,THEFT $500 AND UNDER,"1201 W University Ave, Urbana, IL 61801, USA",-88.2248908,40.1158597
IF2100109,THIRD/ARMORY Urbana champaign,3/2/2021,BATTERY,"75 E Armory Ave, Champaign, IL 61820, USA",-88.23889299999999,40.104935
CSA21‐015,HOPKINS RESIDENCE HALL Urbana champaign,3/1/2021,CRIM DAMAGE PROP UNDR 150 ARSN,"1208 S 1st St, Champaign, IL 61820, USA",-88.23777919999999,40.102442
CC2105557,"306 E CLARK ST, CHAMPAIGN",3/1/2021,THEFT,"306 E Clark St, Champaign, IL 61820, USA",-88.2347463,40.1155915
CC2105547,"501 E HEALEY ST, CHAMPAIGN",3/1/2021,THEFT,"501 E Healey St, Champaign, IL 61820, USA",-88.23184540000001,40.1111473
UU2103288,"HARVEY/UNIVERSITY, URBANA",2/27/2021,MOTOR VEHICLE THEFT,"Champaign, IL, USA",-88.2271615,40.1019523
UU2103196,"703 W CALIFORNIA, URBANA",2/27/2021,VEHICULAR INVASION,"703 W California Ave, Urbana, IL 61801, USA",-88.2164651,40.1080918
OR21‐002,"702 WESTERN AVE, URBANA",2/28/2021,CRIMINAL DAMAGE,"702 W Western Ave, Urbana, IL 61801, USA",-88.2163509,40.1123306
CSA21‐014,"203 E HEALEY ST, CHAMPAIGN",2/28/2021,AGGRAVATED ASSAULT,"203 E Healey St, Champaign, IL 61820, USA",-88.23657209999999,40.1112189
CC2105387,"512 S THIRD ST, CHAMPAIGN",2/28/2021,DOMESTIC DISPUTE,"512 S 3rd St, Champaign, IL 61820, USA",-88.2350299,40.1122154
CC2105364,"202 E GREEN ST, CHAMPAIGN",2/27/2021,BATTERY,"202 E Green St, Champaign, IL 61820, USA",-88.2366073,40.1105528
CC2105271,"57 CHALMERS, CHAMPAIGN",2/27/2021,MOTOR VEHICLE THEFT,"57 E Chalmers St, Champaign, IL 61820, USA",-88.23946839999999,40.1062084
IF2100103,FLORIDA AVENUE RESIDENCE HALL Urbana champaign,2/27/2021,LIQUOR‐UNDERAGE,"1001 W College Ct, Urbana, IL 61801, USA",-88.2211566,40.0991383
OR21‐001,"1009 W STOUGHTON, URBANA",2/20/2021,THEFT $500 AND UNDER,"1009 Stoughton St, Urbana, IL 61801, USA",-88.2218358,40.1132512
CC2105033,"102 E GREEN ST, CHAMPAIGN",2/25/2021,BATTERY,"102 E Green St, Champaign, IL 61820, USA",-88.23841619999999,40.1104381
CC2104994,"211 E GREEN ST, CHAMPAIGN",2/25/2021,DECEPTIVE PRACTICES,"211 E Green St, Champaign, IL 61820, USA",-88.2356592,40.1100049
II2101728,1100 blk of SPRINGFIELD AV Urbana champaign,2/24/2021,THEFT‐IDENTITY,"1100 County Rd 1600 N, Urbana, IL 61801, USA",-88.2223145,40.1127733
II2101719,OGLESBY RESIDENCE HALL Urbana champaign,2/23/2021,CRIM DAMAGE PROP UNDR 150 ARSN,"1005 W College Ct, Urbana, IL 61801, USA",-88.22118479999999,40.0991552
CC2104967,"331 STOUGHTON, CHAMPAIGN",2/24/2021,DOMESTIC BATTERY,"331 E Stoughton St, Champaign, IL 61820, USA",-88.23391,40.1131008
CC2100119,KAMS Urbana champaign,3/6/2020,UNLAWFUL USE OF I.D.,"102 E Green St STE 104, Champaign, IL 61820, USA",-88.2384036,40.1104479
CC2100118,KAMS Urbana champaign,6/12/2020,UNLAWFUL USE OF I.D.,"102 E Green St STE 104, Champaign, IL 61820, USA",-88.2384036,40.1104479
CC2100117,KAMS Urbana champaign,8/29/2020,UNLAWFUL USE OF I.D.,"102 E Green St STE 104, Champaign, IL 61820, USA",-88.2384036,40.1104479
CC2100116,KAMS Urbana champaign,2/1/2020,UNLAWFUL USE OF I.D.,"102 E Green St STE 104, Champaign, IL 61820, USA",-88.2384036,40.1104479
CC2100115,KAMS Urbana champaign,3/7/2020,UNLAWFUL USE OF I.D.,"102 E Green St STE 104, Champaign, IL 61820, USA",-88.2384036,40.1104479
CC2100114,KAMS Urbana champaign,2/7/2020,UNLAWFUL USE OF I.D.,"102 E Green St STE 104, Champaign, IL 61820, USA",-88.2384036,40.1104479
CC2100090,00 blk of E HEALEY ST Urbana champaign,1/5/2021,BURGLARY RESIDENTIAL,"408 E Healey St, Champaign, IL 61820, USA",-88.2331059,40.1118393
CC2100062,500 blk of STOUGHTON ST Urbana champaign,1/4/2020,TRESPASS TO LAND/REAL PROPERTY,"500 Stoughton St, Urbana, IL 61801, USA",-88.21319749999999,40.1130184
CC2100020,100 blk of E JOHN ST Urbana champaign,1/2/2021,BURGLARY FROM MOTOR VEHICLE,"100 E John St, Champaign, IL 61820, USA",-88.2386784,40.1090133
IF2100102,SCOTT RESIDENCE HALL Urbana champaign,2/24/2021,THEFT $500 AND UNDER,"202 E Peabody Dr, Champaign, IL 61820, USA",-88.2366612,40.1019657
CC2104723,"910 S THIRD, CHAMPAIGN",2/22/2021,CRIMINAL DAMAGE,"910 S 3rd St, Champaign, IL 61820, USA",-88.2351094,40.1072048
CC2104667,"1006 S THIRD, CHAMPAIGN",2/22/2021,CRIMINAL DAMAGE,"1006 S 3rd St, Champaign, IL 61820, USA",-88.2349247,40.1059899
00610‐2021,OGLESBY RESIDENCE HALL Urbana champaign,2/19/2021,LIQUOR‐ILLEGAL POSS. BY MINOR,"1005 W College Ct, Urbana, IL 61801, USA",-88.22118479999999,40.0991552
II2101658,SOUTH GARAGE AND CARPOOL Urbana champaign,2/1/2021,THEFT OF MOTOR VEH PARTS & ACCESS,"Garage and Carpool, E32, Champaign, IL 61820, USA",-88.2421677,40.0966257
CSA21‐010,ON CAMPUS Urbana champaign,2/17/2021,SEXUAL HARASSMENT,"1010 W University Ave, Urbana, IL 61801, USA",-88.2219593,40.1165658
CC2104596,"203 E HEALEY, CHAMPAIGN",2/21/2021,CRIMINAL DAMAGE,"203 E Healey St, Champaign, IL 61820, USA",-88.23657209999999,40.1112189
CC2104588,"29 E GREEN ST, CHAMPAIGN",2/21/2021,DOMESTIC BATTERY,"29 E Green St, Champaign, IL 61820, USA",-88.2413645,40.1100114
CC2104582,"410 E JOHN, CHAMPAIGN",2/21/2021,BATTERY,"410 E John St, Champaign, IL 61820, USA",-88.23244509999999,40.1094677
CC2104580,"331 STOUGHTON, CHAMPAIGN",2/21/2021,THEFT,"331 E Stoughton St, Champaign, IL 61820, USA",-88.23391,40.1131008
CC2104471,"307 E ARMORY, CHAMPAIGN",2/20/2021,DOMESTIC BATTERY,"307 E Armory Ave, Champaign, IL 61820, USA",-88.23463199999999,40.1052621
IF2100094,LINCOLN AVE/OHIO ST Urbana champaign,2/21/2021,LIQUOR‐UNDERAGE,"S Lincoln Ave & W Ohio St, Urbana, IL 61801, USA",-88.21919419999999,40.1036863
CSA20‐124,ON CAMPUS Urbana champaign,2017‐2018,STALKING,"1010 W University Ave, Urbana, IL 61801, USA",-88.2219593,40.1165658
UU2102721,"800 W SPRINGFIELD, URBANA",2/18/2021,WARRANT,"800 County Rd 1600 N, Urbana, IL 61801, USA",-88.2177533,40.1127905
UU2102626,"LINCOLN/UNIVERSITY, URBANA",2/16/2021,DOMESTIC DISPUTE,"1570 Baltimore Pike, Lincoln University, PA 19352, USA",-75.9282072,39.80706929999999
II2101607,ROGER ADAMS LABORATORY Urbana champaign,2/19/2021,VIOLATION ORDER PROTECTION,"600 S Mathews Ave Roger Adams Laboratory, Urbana, IL 61801, USA",-88.2247211,40.1074656
II2101604,ILLINI UNION Urbana champaign,2/19/2021,DISORDERLY CONDUCT‐ALL OTHER,"1401 W Green St, Urbana, IL 61801, USA",-88.2272225,40.1092101
CC2104243,"616 E GREEN ST, CHAMPAIGN",2/18/2021,CRIMINAL DAMAGE,"616 E Green St, Champaign, IL 61820, USA",-88.2296109,40.1105931
IF2100087,"303 E JOHN ST, CHAMPAIGN",2/18/2021,LIQUOR‐UNDERAGE,"303 E John St, Champaign, IL 61820, USA",-88.23505060000001,40.1087155
IF2100084,HOPKINS RESIDENCE HALL Urbana champaign,2/17/2021,LIQUOR‐UNDERAGE,"1208 S 1st St, Champaign, IL 61820, USA",-88.23777919999999,40.102442
CC2104041,"112 E GREEN ST, CHAMPAIGN",2/16/2021,THEFT,"112 E Green, 112 E Green St, Champaign, IL 61820, USA",-88.23748499999999,40.1104327
CC2103977,"59 E GREEN ST, CHAMPAIGN",2/16/2021,THEFT,"59 E Green St, Champaign, IL 61820, USA",-88.2390064,40.1098957
UU2102426,"202 S LINCOLN AVE, URBANA",2/13/2021,DOMESTIC BATTERY,"202 S Lincoln Ave, Urbana, IL 61801, USA",-88.2189956,40.111191
UU2102419,"GEORGE HUFF/RACE, URBANA",2/13/2021,AGGRAVATED BATTERY,"George Huff & Race (SW Corner), Urbana, IL 61801, USA",-88.20975,40.0908933
UU2102347,"904 S LINCOLN AVE, URBANA",2/12/2021,HARASSMENT,"904 S Lincoln Ave, Urbana, IL 61801, USA",-88.2186912,40.1051854
II2101527,WESTON HALL BIKE RACK Urbana champaign,2/15/2021,CRIMINAL DAMAGE TO PROPERTY,"204 E Peabody Dr, Champaign, IL 61820, USA",-88.2352789,40.1031179
IF2100078,NCSA Urbana champaign,2/15/2021,DISORDERLY CONDUCT,"1205 W Clark St, Urbana, IL 61801, USA",-88.2248604,40.1149215
CC2103806,"112 E GREEN ST, CHAMPAIGN",2/14/2021,DOMESTIC BATTERY,"112 E Green, 112 E Green St, Champaign, IL 61820, USA",-88.23748499999999,40.1104327
CC2103709,"75 E. ARMORY AVE, CHAMPAIGN",2/13/2021,HARASSMENT,"75 E Armory Ave, Champaign, IL 61820, USA",-88.23889229999999,40.1049731
CC2103526,"112 E GREEN ST, CHAMPAIGN",2/12/2021,DOMESTIC BATTERY,"112 E Green, 112 E Green St, Champaign, IL 61820, USA",-88.23748499999999,40.1104327
II2101502,PARKING LOT F‐23 Urbana champaign,2/6/2021,CRIMINAL DAMAGE TO PROPERTY,"1201 W University Ave, Urbana, IL 61801, USA",-88.2248908,40.1158597
II2101475,PARKING LOT B‐21 Urbana champaign,2/12/2021,BATTERY‐DOMESTIC,"611 W Park St, Urbana, IL 61801, USA",-88.2139368,40.1170747
II2101470,ILLINI UNION BOOKSTORE Urbana champaign,2/12/2021,THEFT $500 AND UNDER,"809 S Wright St, Champaign, IL 61820, USA",-88.2292406,40.1083275
IF2100074,ILLINOIS STREET RESIDENCE HALL Urbana champaign,2/12/2021,LIQUOR‐UNDERAGE,"1010 W Illinois St, Urbana, IL 61801, USA",-88.22173529999999,40.1101128
CSA21‐008,UNKNOWN LOCATION Urbana champaign,2021,STALKING,"Champaign, IL, USA",-88.2271615,40.1019523
CSA21‐007,UNKNOWN LOCATION Urbana champaign,2020,RAPE,"Champaign, IL, USA",-88.2271615,40.1019523
CC2103416,"211 E GREEN ST, CHAMPAIGN",2/11/2021,DECEPTIVE PRACTICES,"211 E Green St, Champaign, IL 61820, USA",-88.2356592,40.1100049
UU2102195,"803 W GREEN ST, URBANA",2/9/2021,SEXUAL ASSAULT,"803 W Green St, Urbana, IL 61801, USA",-88.2181511,40.1103771
UU2102177,"804 W MAIN ST, URBANA",2/9/2021,DECEPTIVE PRACTICES,"804 W Main St, Urbana, IL 61801, USA",-88.21783599999999,40.114783
UU2102157,"204 HARVEY, URBANA",2/9/2021,DOMESTIC BATTERY,"204 N Harvey St, Urbana, IL 61801, USA",-88.2221158,40.113799
CC2103283,"302 E JOHN ST, CHAMPAIGN",2/9/2021,THEFT OF MV PARTS,"Presiedential Towers/University Inn, 302 E John St, Champaign, IL 61820, USA",-88.2348478,40.1093134
CC2103229,"505 S FIRST ST, CHAMPAIGN",2/9/2021,CRIMINAL DAMAGE,"505 S 1st St, Champaign, IL 61820, USA",-88.2389678,40.1118896
II2101436,KLEIN AVE / GROVE AVE Urbana champaign,2/10/2021,UNLAWFUL USE OF A BUILDING,"1806 S Cottage Grove Ave #115, Urbana, IL 61801, USA",-88.1942789,40.0957454
II2101436,KLEIN AVE / GROVE AVE Urbana champaign,2/10/2021,DEL/MANUF CANNABIS OVER 30 G ‐FEL,"1806 S Cottage Grove Ave #115, Urbana, IL 61801, USA",-88.1942789,40.0957454
II2101436,KLEIN AVE / GROVE AVE Urbana champaign,2/10/2021,UNLAWFUL POSS/USE WEAPON BY FELON,"1806 S Cottage Grove Ave #115, Urbana, IL 61801, USA",-88.1942789,40.0957454
II2101436,KLEIN AVE / GROVE AVE Urbana champaign,2/10/2021,UNLAWFUL POSS FIREARM & AMMUNITION,"1806 S Cottage Grove Ave #115, Urbana, IL 61801, USA",-88.1942789,40.0957454
II2101429,DAVENPORT HALL Urbana champaign,2/9/2021,BURGLARY,"607 S Mathews Ave, Urbana, IL 61801, USA",-88.2261789,40.1073129
II2101427,UNDERGRADUATE LIBRARY Urbana champaign,2/9/2021,HARASSMENT BY ELECTRONIC COMMUNICAT,"1402 W Gregory Dr, Urbana, IL 61801, USA",-88.2269105,40.1047076
II2101424,WASSAJA RESIDENCE HALL Urbana champaign,2/8/2021,COMPUTER FRAUD,"1202 S 1st St, Champaign, IL 61820, USA",-88.2381795,40.1037194
CC2103173,"302 E JOHN ST, CHAMPAIGN",2/8/2021,MOTOR VEHICLE THEFT,"Presiedential Towers/University Inn, 302 E John St, Champaign, IL 61820, USA",-88.2348478,40.1093134
00411‐2021,NEWMAN HALL Urbana champaign,2/5/2021,STALKING,"604 E Armory Ave, Champaign, IL 61820, USA",-88.2298675,40.1061093
00402‐2021,WASSAJA RESIDENCE HALL Urbana champaign,2/7/2021,LIQUOR‐ILLEGAL POSS. BY MINOR,"1202 S 1st St, Champaign, IL 61820, USA",-88.2381795,40.1037194
00372‐2021,WASSAJA RESIDENCE HALL Urbana champaign,2/4/2021,LIQUOR‐ILLEGAL POSS. BY MINOR,"1202 S 1st St, Champaign, IL 61820, USA",-88.2381795,40.1037194
00347‐2021,TAFT RESIDENCE HALL Urbana champaign,2/4/2021,LIQUOR‐ILLEGAL POSS. BY MINOR,"1215 S 4th St, Champaign, IL 61820, USA",-88.23365539999999,40.1017884
II2101408,2100 blk of ORCHARD ST S Urbana champaign,2/8/2021,BATTERY‐DOMESTIC,"2100 Orchard Dr, Urbana, IL 61801, USA",-88.21089769999999,40.0908283
CC2103049,"508 E UNIVERSITY AVE, CHAMPAIGN",2/7/2021,DOMESTIC BATTERY,"508 E University Ave, Champaign, IL 61820, USA",-88.23105199999999,40.11657599999999
CC2103001,"611 E DANIEL ST, CHAMPAIGN",2/6/2021,BURGLARY,"611 E Daniel St, Champaign, IL 61820, USA",-88.22934939999999,40.1076759
CC2102876,"708 S SIXTH ST, CHAMPAIGN",2/5/2021,DOMESTIC BATTERY,"708 S 6th St, Champaign, IL 61820, USA",-88.23011319999999,40.1095997
